{
  "height": 231.48936170212767,
  "tabOrder": 1,
  "width": 371.55015197568389,
  "x": 32.097264437689972,
  "y": 332.64437689969606,
  "z": 1
}